employee_id,review_period_start,review_period_end,performance_rating,manager_score,peer_score,bonus_pct,trainings_completed,leaves_taken,attrition_risk
E0001,2024-01-01,2024-12-31,5,4,5,0.127,2,11,Low
E0002,2024-01-01,2024-12-31,2,2,2,0.025,4,25,High
E0003,2024-01-01,2024-12-31,2,2,2,0.024,2,6,High
E0004,2024-01-01,2024-12-31,2,2,1,0.022,1,8,High
E0005,2024-01-01,2024-12-31,4,5,3,0.071,1,12,High
E0006,2024-01-01,2024-12-31,4,4,5,0.091,3,24,High
E0007,2024-01-01,2024-12-31,3,3,3,0.059,2,12,High
E0008,2024-01-01,2024-12-31,1,1,2,0.0,3,13,High
E0009,2024-01-01,2024-12-31,3,3,3,0.063,2,10,High
E0010,2024-01-01,2024-12-31,2,2,1,0.021,1,14,High
E0011,2024-01-01,2024-12-31,3,3,4,0.051,0,11,High
E0012,2024-01-01,2024-12-31,4,3,2,0.078,4,15,Medium
E0013,2024-01-01,2024-12-31,3,3,2,0.049,5,16,High
E0014,2024-01-01,2024-12-31,5,5,5,0.134,3,11,Low
E0015,2024-01-01,2024-12-31,3,4,4,0.06,0,6,High
E0016,2024-01-01,2024-12-31,3,3,3,0.06,1,12,High
E0017,2024-01-01,2024-12-31,3,2,3,0.052,4,19,High
E0018,2024-01-01,2024-12-31,4,4,4,0.089,3,8,Medium
E0019,2024-01-01,2024-12-31,3,4,3,0.042,2,14,High
E0020,2024-01-01,2024-12-31,2,2,3,0.026,2,6,High
E0021,2024-01-01,2024-12-31,4,5,4,0.078,2,7,Medium
E0022,2024-01-01,2024-12-31,3,4,4,0.029,4,19,High
E0023,2024-01-01,2024-12-31,4,4,4,0.064,1,15,High
E0024,2024-01-01,2024-12-31,3,3,4,0.043,0,14,High
E0025,2024-01-01,2024-12-31,5,5,5,0.124,1,0,Low
E0026,2024-01-01,2024-12-31,3,3,2,0.043,5,9,High
E0027,2024-01-01,2024-12-31,2,2,4,0.014,4,15,High
E0028,2024-01-01,2024-12-31,3,4,4,0.058,1,5,High
E0029,2024-01-01,2024-12-31,4,4,4,0.074,4,10,Medium
E0030,2024-01-01,2024-12-31,2,2,3,0.033,5,16,High
E0031,2024-01-01,2024-12-31,2,2,1,0.032,0,4,High
E0032,2024-01-01,2024-12-31,3,3,2,0.05,1,4,High
E0033,2024-01-01,2024-12-31,4,4,5,0.088,2,5,Medium
E0034,2024-01-01,2024-12-31,2,2,2,0.026,1,14,High
E0035,2024-01-01,2024-12-31,5,5,5,0.118,4,9,Low
E0036,2024-01-01,2024-12-31,5,5,5,0.129,2,16,Medium
E0037,2024-01-01,2024-12-31,2,2,2,0.03,2,13,High
E0038,2024-01-01,2024-12-31,5,5,5,0.11,3,21,Medium
E0039,2024-01-01,2024-12-31,3,3,1,0.052,1,6,High
E0040,2024-01-01,2024-12-31,4,4,5,0.081,1,14,High
E0041,2024-01-01,2024-12-31,5,5,5,0.128,0,8,Medium
E0042,2024-01-01,2024-12-31,2,3,3,0.016,4,15,High
E0043,2024-01-01,2024-12-31,4,3,3,0.074,2,13,High
E0044,2024-01-01,2024-12-31,4,3,3,0.082,1,7,Medium
E0045,2024-01-01,2024-12-31,3,2,3,0.062,2,11,High
E0046,2024-01-01,2024-12-31,4,5,5,0.068,1,12,High
E0047,2024-01-01,2024-12-31,4,4,3,0.07,1,9,High
E0048,2024-01-01,2024-12-31,3,4,2,0.045,0,16,High
E0049,2024-01-01,2024-12-31,4,3,4,0.077,0,7,High
E0050,2024-01-01,2024-12-31,4,5,4,0.062,2,22,High
E0051,2024-01-01,2024-12-31,3,3,3,0.065,2,17,High
E0052,2024-01-01,2024-12-31,3,2,3,0.049,7,14,High
E0053,2024-01-01,2024-12-31,4,5,4,0.077,3,26,High
E0054,2024-01-01,2024-12-31,3,2,4,0.066,3,10,High
E0055,2024-01-01,2024-12-31,3,3,2,0.057,5,15,High
E0056,2024-01-01,2024-12-31,3,3,4,0.045,3,13,High
E0057,2024-01-01,2024-12-31,4,4,3,0.082,1,16,High
E0058,2024-01-01,2024-12-31,2,2,2,0.02,2,19,High
E0059,2024-01-01,2024-12-31,3,4,4,0.064,0,15,High
E0060,2024-01-01,2024-12-31,3,3,3,0.048,2,17,High
E0061,2024-01-01,2024-12-31,4,4,5,0.066,3,9,Medium
E0062,2024-01-01,2024-12-31,2,3,2,0.001,5,11,High
E0063,2024-01-01,2024-12-31,2,2,2,0.035,2,20,High
E0064,2024-01-01,2024-12-31,2,2,1,0.012,1,15,High
E0065,2024-01-01,2024-12-31,2,3,2,0.027,3,13,High
E0066,2024-01-01,2024-12-31,4,4,4,0.081,0,8,High
E0067,2024-01-01,2024-12-31,5,4,5,0.116,3,17,Low
E0068,2024-01-01,2024-12-31,3,2,4,0.047,3,8,High
E0069,2024-01-01,2024-12-31,4,4,4,0.096,5,7,Low
E0070,2024-01-01,2024-12-31,2,1,2,0.006,2,13,High
E0071,2024-01-01,2024-12-31,4,4,3,0.076,0,0,Medium
E0072,2024-01-01,2024-12-31,2,2,3,0.029,1,15,High
E0073,2024-01-01,2024-12-31,2,2,3,0.007,3,14,High
E0074,2024-01-01,2024-12-31,4,3,3,0.093,4,10,Medium
E0075,2024-01-01,2024-12-31,4,4,4,0.089,4,11,Medium
E0076,2024-01-01,2024-12-31,4,5,4,0.083,3,11,Medium
E0077,2024-01-01,2024-12-31,3,4,2,0.045,1,8,High
E0078,2024-01-01,2024-12-31,4,4,4,0.066,0,13,High
E0079,2024-01-01,2024-12-31,3,3,2,0.057,2,11,High
E0080,2024-01-01,2024-12-31,3,3,2,0.077,3,13,High
E0081,2024-01-01,2024-12-31,3,3,3,0.051,2,11,High
E0082,2024-01-01,2024-12-31,4,4,4,0.062,1,10,High
E0083,2024-01-01,2024-12-31,3,3,4,0.055,3,13,High
E0084,2024-01-01,2024-12-31,5,5,5,0.129,1,16,Medium
E0085,2024-01-01,2024-12-31,1,1,2,0.0,3,9,High
E0086,2024-01-01,2024-12-31,3,3,4,0.044,3,14,High
E0087,2024-01-01,2024-12-31,5,5,4,0.113,4,15,Low
E0088,2024-01-01,2024-12-31,3,2,4,0.045,2,6,High
E0089,2024-01-01,2024-12-31,3,3,4,0.048,1,17,High
E0090,2024-01-01,2024-12-31,3,3,4,0.041,3,22,High
E0091,2024-01-01,2024-12-31,3,3,3,0.038,1,12,High
E0092,2024-01-01,2024-12-31,1,1,1,0.002,5,11,High
E0093,2024-01-01,2024-12-31,3,2,3,0.048,2,11,High
E0094,2024-01-01,2024-12-31,4,5,3,0.076,3,15,Medium
E0095,2024-01-01,2024-12-31,3,3,3,0.051,0,15,High
E0096,2024-01-01,2024-12-31,4,4,5,0.065,1,4,Medium
E0097,2024-01-01,2024-12-31,3,3,1,0.053,4,8,High
E0098,2024-01-01,2024-12-31,2,2,3,0.016,1,15,High
E0099,2024-01-01,2024-12-31,4,5,4,0.082,5,11,Medium
E0100,2024-01-01,2024-12-31,3,3,2,0.054,0,6,High
E0101,2024-01-01,2024-12-31,2,2,2,0.031,2,20,High
E0102,2024-01-01,2024-12-31,4,4,3,0.081,4,8,Medium
E0103,2024-01-01,2024-12-31,4,4,4,0.091,2,12,High
E0104,2024-01-01,2024-12-31,4,4,4,0.077,2,11,Medium
E0105,2024-01-01,2024-12-31,4,4,4,0.077,2,7,Medium
E0106,2024-01-01,2024-12-31,3,3,2,0.049,1,13,High
E0107,2024-01-01,2024-12-31,4,4,3,0.088,2,14,High
E0108,2024-01-01,2024-12-31,3,3,3,0.056,1,10,High
E0109,2024-01-01,2024-12-31,3,4,3,0.051,2,10,High
E0110,2024-01-01,2024-12-31,3,3,3,0.038,2,15,High
E0111,2024-01-01,2024-12-31,5,4,5,0.126,0,2,Low
E0112,2024-01-01,2024-12-31,4,3,4,0.071,3,8,Medium
E0113,2024-01-01,2024-12-31,3,3,4,0.041,2,13,High
E0114,2024-01-01,2024-12-31,5,5,5,0.109,0,9,Medium
E0115,2024-01-01,2024-12-31,3,3,3,0.049,3,9,High
E0116,2024-01-01,2024-12-31,1,1,1,0.012,2,17,High
E0117,2024-01-01,2024-12-31,1,1,2,0.0,4,9,High
E0118,2024-01-01,2024-12-31,4,4,3,0.097,0,22,High
E0119,2024-01-01,2024-12-31,3,2,4,0.059,3,3,High
E0120,2024-01-01,2024-12-31,4,5,4,0.065,2,1,Medium
E0121,2024-01-01,2024-12-31,1,2,3,0.0,2,16,High
E0122,2024-01-01,2024-12-31,5,4,4,0.11,3,7,Low
E0123,2024-01-01,2024-12-31,3,3,4,0.057,2,7,High
E0124,2024-01-01,2024-12-31,2,1,2,0.01,2,17,High
E0125,2024-01-01,2024-12-31,3,3,3,0.034,1,10,High
E0126,2024-01-01,2024-12-31,3,3,3,0.047,0,17,High
E0127,2024-01-01,2024-12-31,3,3,3,0.062,1,9,High
E0128,2024-01-01,2024-12-31,4,4,4,0.078,3,14,Medium
E0129,2024-01-01,2024-12-31,3,3,3,0.054,1,9,High
E0130,2024-01-01,2024-12-31,4,5,5,0.084,2,7,Medium
E0131,2024-01-01,2024-12-31,4,4,4,0.065,0,21,High
E0132,2024-01-01,2024-12-31,5,5,5,0.111,0,18,Medium
E0133,2024-01-01,2024-12-31,2,1,2,0.02,1,8,High
E0134,2024-01-01,2024-12-31,3,3,3,0.044,1,11,High
E0135,2024-01-01,2024-12-31,3,3,4,0.067,4,19,High
E0136,2024-01-01,2024-12-31,1,1,1,0.0,2,7,High
E0137,2024-01-01,2024-12-31,3,3,3,0.041,3,7,High
E0138,2024-01-01,2024-12-31,3,4,2,0.053,0,14,High
E0139,2024-01-01,2024-12-31,4,4,4,0.074,1,23,High
E0140,2024-01-01,2024-12-31,3,3,4,0.021,2,12,High
E0141,2024-01-01,2024-12-31,5,5,5,0.139,2,17,Medium
E0142,2024-01-01,2024-12-31,3,4,4,0.039,6,7,Medium
E0143,2024-01-01,2024-12-31,4,4,4,0.086,3,14,Medium
E0144,2024-01-01,2024-12-31,4,4,3,0.067,2,10,Medium
E0145,2024-01-01,2024-12-31,5,5,5,0.111,2,21,Medium
E0146,2024-01-01,2024-12-31,3,3,3,0.034,2,20,High
E0147,2024-01-01,2024-12-31,3,3,3,0.043,2,23,High
E0148,2024-01-01,2024-12-31,4,5,3,0.074,4,9,Medium
E0149,2024-01-01,2024-12-31,4,4,4,0.079,1,12,High
E0150,2024-01-01,2024-12-31,2,2,1,0.016,2,14,High
E0151,2024-01-01,2024-12-31,4,4,3,0.066,2,9,Medium
E0152,2024-01-01,2024-12-31,3,3,2,0.045,0,13,High
E0153,2024-01-01,2024-12-31,3,3,4,0.064,2,17,High
E0154,2024-01-01,2024-12-31,4,5,3,0.093,3,9,Medium
E0155,2024-01-01,2024-12-31,3,4,4,0.055,5,8,High
E0156,2024-01-01,2024-12-31,4,4,3,0.087,1,8,Medium
E0157,2024-01-01,2024-12-31,3,3,5,0.071,0,5,High
E0158,2024-01-01,2024-12-31,3,3,1,0.056,2,16,High
E0159,2024-01-01,2024-12-31,3,3,3,0.056,2,8,High
E0160,2024-01-01,2024-12-31,4,4,4,0.064,0,8,High
E0161,2024-01-01,2024-12-31,4,4,3,0.069,2,15,High
E0162,2024-01-01,2024-12-31,4,4,4,0.08,6,12,Medium
E0163,2024-01-01,2024-12-31,3,2,3,0.042,0,9,High
E0164,2024-01-01,2024-12-31,3,3,3,0.04,0,16,High
E0165,2024-01-01,2024-12-31,1,2,1,0.0,3,9,High
E0166,2024-01-01,2024-12-31,5,5,5,0.106,7,1,Low
E0167,2024-01-01,2024-12-31,3,3,3,0.042,1,19,High
E0168,2024-01-01,2024-12-31,3,3,4,0.053,1,8,High
E0169,2024-01-01,2024-12-31,4,4,3,0.098,3,8,Medium
E0170,2024-01-01,2024-12-31,2,3,2,0.028,2,8,High
E0171,2024-01-01,2024-12-31,4,4,5,0.086,1,12,High
E0172,2024-01-01,2024-12-31,2,1,1,0.004,2,11,High
E0173,2024-01-01,2024-12-31,3,3,2,0.051,4,17,High
E0174,2024-01-01,2024-12-31,2,3,1,0.019,2,20,High
E0175,2024-01-01,2024-12-31,4,4,3,0.083,3,9,Medium
E0176,2024-01-01,2024-12-31,3,4,4,0.046,2,7,High
E0177,2024-01-01,2024-12-31,3,4,3,0.067,4,9,High
E0178,2024-01-01,2024-12-31,4,4,4,0.081,3,14,Medium
E0179,2024-01-01,2024-12-31,4,4,5,0.082,2,11,Medium
E0180,2024-01-01,2024-12-31,3,3,2,0.03,1,9,High
E0181,2024-01-01,2024-12-31,4,3,4,0.079,1,6,Medium
E0182,2024-01-01,2024-12-31,3,2,2,0.061,2,1,High
E0183,2024-01-01,2024-12-31,3,3,2,0.056,2,7,High
E0184,2024-01-01,2024-12-31,3,3,3,0.028,2,18,High
E0185,2024-01-01,2024-12-31,3,4,4,0.046,0,14,High
E0186,2024-01-01,2024-12-31,4,5,4,0.097,0,11,High
E0187,2024-01-01,2024-12-31,3,3,4,0.048,2,16,High
E0188,2024-01-01,2024-12-31,4,4,3,0.083,1,6,Medium
E0189,2024-01-01,2024-12-31,3,4,2,0.066,4,12,High
E0190,2024-01-01,2024-12-31,1,1,1,0.0,3,3,High
E0191,2024-01-01,2024-12-31,4,5,4,0.088,0,14,High
E0192,2024-01-01,2024-12-31,4,3,4,0.084,4,13,Medium
E0193,2024-01-01,2024-12-31,4,4,4,0.086,3,13,Medium
E0194,2024-01-01,2024-12-31,3,3,4,0.054,2,18,High
E0195,2024-01-01,2024-12-31,5,5,5,0.115,1,16,Medium
E0196,2024-01-01,2024-12-31,4,4,5,0.076,0,6,High
E0197,2024-01-01,2024-12-31,3,2,3,0.041,4,18,High
E0198,2024-01-01,2024-12-31,5,5,5,0.104,1,11,Low
E0199,2024-01-01,2024-12-31,3,4,2,0.062,2,2,High
E0200,2024-01-01,2024-12-31,4,3,5,0.08,4,11,Medium
E0201,2024-01-01,2024-12-31,4,4,4,0.092,3,15,Medium
E0202,2024-01-01,2024-12-31,3,3,3,0.066,1,7,High
E0203,2024-01-01,2024-12-31,3,3,3,0.051,0,19,High
E0204,2024-01-01,2024-12-31,4,4,4,0.067,1,7,Medium
E0205,2024-01-01,2024-12-31,3,3,3,0.048,3,10,High
E0206,2024-01-01,2024-12-31,3,3,3,0.043,2,9,High
E0207,2024-01-01,2024-12-31,2,2,3,0.0,0,3,High
E0208,2024-01-01,2024-12-31,2,3,2,0.015,2,7,High
E0209,2024-01-01,2024-12-31,4,4,4,0.079,3,8,Medium
E0210,2024-01-01,2024-12-31,3,3,4,0.044,1,11,High
E0211,2024-01-01,2024-12-31,3,4,4,0.042,3,0,High
E0212,2024-01-01,2024-12-31,3,3,3,0.037,1,16,High
E0213,2024-01-01,2024-12-31,4,4,4,0.082,4,16,Medium
E0214,2024-01-01,2024-12-31,2,2,2,0.039,4,18,High
E0215,2024-01-01,2024-12-31,3,2,3,0.063,0,5,High
E0216,2024-01-01,2024-12-31,3,4,2,0.057,0,11,High
E0217,2024-01-01,2024-12-31,4,5,4,0.087,3,17,High
E0218,2024-01-01,2024-12-31,4,2,5,0.079,1,17,High
E0219,2024-01-01,2024-12-31,3,4,3,0.032,1,19,High
E0220,2024-01-01,2024-12-31,4,3,3,0.076,3,13,Medium
E0221,2024-01-01,2024-12-31,3,3,3,0.04,2,12,High
E0222,2024-01-01,2024-12-31,2,1,2,0.022,0,4,High
E0223,2024-01-01,2024-12-31,3,3,3,0.062,4,17,High
E0224,2024-01-01,2024-12-31,3,4,2,0.07,1,10,High
E0225,2024-01-01,2024-12-31,4,5,4,0.081,3,12,Medium
E0226,2024-01-01,2024-12-31,3,3,4,0.033,2,12,High
E0227,2024-01-01,2024-12-31,3,3,2,0.051,2,0,High
E0228,2024-01-01,2024-12-31,3,2,3,0.051,1,8,High
E0229,2024-01-01,2024-12-31,4,4,4,0.087,1,14,High
E0230,2024-01-01,2024-12-31,1,2,2,0.0,2,12,High
E0231,2024-01-01,2024-12-31,2,4,3,0.021,1,14,High
E0232,2024-01-01,2024-12-31,2,2,1,0.014,1,16,High
E0233,2024-01-01,2024-12-31,3,3,4,0.047,0,8,High
E0234,2024-01-01,2024-12-31,4,4,5,0.085,1,9,High
E0235,2024-01-01,2024-12-31,4,4,5,0.06,3,11,Medium
E0236,2024-01-01,2024-12-31,3,4,3,0.047,3,16,High
E0237,2024-01-01,2024-12-31,4,5,4,0.087,2,11,Medium
E0238,2024-01-01,2024-12-31,5,5,4,0.136,0,3,Low
E0239,2024-01-01,2024-12-31,3,2,1,0.046,2,11,High
E0240,2024-01-01,2024-12-31,1,1,1,0.012,4,16,High
E0241,2024-01-01,2024-12-31,4,4,4,0.097,3,19,High
E0242,2024-01-01,2024-12-31,2,2,2,0.016,0,13,High
E0243,2024-01-01,2024-12-31,4,4,5,0.074,1,5,Medium
E0244,2024-01-01,2024-12-31,4,4,5,0.078,3,10,Medium
E0245,2024-01-01,2024-12-31,5,5,5,0.119,2,14,Low
E0246,2024-01-01,2024-12-31,3,3,2,0.061,1,16,High
E0247,2024-01-01,2024-12-31,3,2,3,0.042,3,15,High
E0248,2024-01-01,2024-12-31,4,4,4,0.095,2,11,Medium
E0249,2024-01-01,2024-12-31,2,2,2,0.012,1,16,High
E0250,2024-01-01,2024-12-31,5,5,5,0.107,2,9,Low
E0251,2024-01-01,2024-12-31,4,5,3,0.085,1,13,High
E0252,2024-01-01,2024-12-31,2,3,2,0.032,2,16,High
E0253,2024-01-01,2024-12-31,2,2,2,0.022,0,15,High
E0254,2024-01-01,2024-12-31,4,3,3,0.084,3,15,Medium
E0255,2024-01-01,2024-12-31,5,5,4,0.14,3,15,Low
E0256,2024-01-01,2024-12-31,3,2,3,0.062,1,7,High
E0257,2024-01-01,2024-12-31,4,5,5,0.08,2,12,High
E0258,2024-01-01,2024-12-31,5,4,5,0.116,2,7,Low
E0259,2024-01-01,2024-12-31,5,5,5,0.131,0,11,Medium
E0260,2024-01-01,2024-12-31,3,4,2,0.058,4,6,High
E0261,2024-01-01,2024-12-31,4,4,4,0.084,1,14,High
E0262,2024-01-01,2024-12-31,3,4,2,0.047,4,2,High
E0263,2024-01-01,2024-12-31,2,2,2,0.019,3,15,High
E0264,2024-01-01,2024-12-31,4,3,5,0.079,4,12,Medium
E0265,2024-01-01,2024-12-31,3,2,4,0.047,1,22,High
E0266,2024-01-01,2024-12-31,4,4,5,0.074,1,11,High
E0267,2024-01-01,2024-12-31,3,3,4,0.053,2,11,High
E0268,2024-01-01,2024-12-31,4,3,4,0.074,0,15,High
E0269,2024-01-01,2024-12-31,3,3,4,0.052,1,11,High
E0270,2024-01-01,2024-12-31,3,3,4,0.029,4,13,High
E0271,2024-01-01,2024-12-31,2,2,1,0.014,1,17,High
E0272,2024-01-01,2024-12-31,3,4,2,0.061,1,11,High
E0273,2024-01-01,2024-12-31,5,5,5,0.111,5,18,Low
E0274,2024-01-01,2024-12-31,3,3,5,0.056,3,4,High
E0275,2024-01-01,2024-12-31,3,3,4,0.042,4,20,High
E0276,2024-01-01,2024-12-31,4,3,2,0.088,4,3,Low
E0277,2024-01-01,2024-12-31,3,2,3,0.047,2,19,High
E0278,2024-01-01,2024-12-31,3,4,3,0.047,2,3,High
E0279,2024-01-01,2024-12-31,5,5,4,0.121,2,22,Medium
E0280,2024-01-01,2024-12-31,3,4,2,0.037,2,13,High
E0281,2024-01-01,2024-12-31,3,4,3,0.06,3,7,High
E0282,2024-01-01,2024-12-31,4,4,4,0.093,1,21,High
E0283,2024-01-01,2024-12-31,5,5,4,0.116,4,7,Low
E0284,2024-01-01,2024-12-31,4,5,3,0.085,2,11,Medium
E0285,2024-01-01,2024-12-31,5,5,5,0.128,3,25,Medium
E0286,2024-01-01,2024-12-31,3,3,3,0.049,2,14,High
E0287,2024-01-01,2024-12-31,4,4,4,0.069,2,2,Medium
E0288,2024-01-01,2024-12-31,4,5,4,0.096,1,11,High
E0289,2024-01-01,2024-12-31,1,2,1,0.0,1,10,High
E0290,2024-01-01,2024-12-31,5,5,5,0.114,1,13,Medium
E0291,2024-01-01,2024-12-31,4,5,3,0.096,4,12,Medium
E0292,2024-01-01,2024-12-31,4,4,4,0.086,1,15,High
E0293,2024-01-01,2024-12-31,4,3,4,0.083,2,4,Medium
E0294,2024-01-01,2024-12-31,5,5,3,0.11,1,9,Low
E0295,2024-01-01,2024-12-31,4,5,4,0.088,2,14,High
E0296,2024-01-01,2024-12-31,4,3,3,0.109,3,8,Medium
E0297,2024-01-01,2024-12-31,3,2,4,0.059,2,17,High
E0298,2024-01-01,2024-12-31,3,3,2,0.055,2,8,High
E0299,2024-01-01,2024-12-31,3,3,3,0.057,0,13,High
E0300,2024-01-01,2024-12-31,5,5,5,0.117,0,11,Medium
E0301,2024-01-01,2024-12-31,3,3,2,0.047,0,7,High
E0302,2024-01-01,2024-12-31,4,5,4,0.076,3,12,Medium
E0303,2024-01-01,2024-12-31,2,2,1,0.014,3,5,High
E0304,2024-01-01,2024-12-31,4,4,4,0.076,2,10,Medium
E0305,2024-01-01,2024-12-31,4,4,5,0.076,0,12,High
E0306,2024-01-01,2024-12-31,3,3,4,0.048,3,5,High
E0307,2024-01-01,2024-12-31,5,5,5,0.117,1,15,Medium
E0308,2024-01-01,2024-12-31,3,3,3,0.052,1,13,High
E0309,2024-01-01,2024-12-31,5,5,4,0.121,2,15,Low
E0310,2024-01-01,2024-12-31,3,3,2,0.052,3,12,High
E0311,2024-01-01,2024-12-31,2,2,1,0.035,2,6,High
E0312,2024-01-01,2024-12-31,4,5,4,0.081,2,12,High
E0313,2024-01-01,2024-12-31,3,4,4,0.072,3,15,High
E0314,2024-01-01,2024-12-31,3,2,3,0.054,6,6,Medium
E0315,2024-01-01,2024-12-31,5,4,4,0.116,2,6,Low
E0316,2024-01-01,2024-12-31,5,5,5,0.133,0,11,Medium
E0317,2024-01-01,2024-12-31,4,4,3,0.079,3,10,Medium
E0318,2024-01-01,2024-12-31,4,4,5,0.056,0,12,High
E0319,2024-01-01,2024-12-31,4,5,5,0.08,1,11,High
E0320,2024-01-01,2024-12-31,3,3,2,0.048,0,13,High
E0321,2024-01-01,2024-12-31,1,1,1,0.016,5,18,High
E0322,2024-01-01,2024-12-31,4,3,3,0.071,0,15,High
E0323,2024-01-01,2024-12-31,4,4,4,0.077,7,12,Low
E0324,2024-01-01,2024-12-31,5,5,5,0.133,2,6,Low
E0325,2024-01-01,2024-12-31,3,2,3,0.054,4,8,High
E0326,2024-01-01,2024-12-31,3,4,3,0.048,4,16,High
E0327,2024-01-01,2024-12-31,4,4,3,0.072,1,10,High
E0328,2024-01-01,2024-12-31,4,4,3,0.084,2,7,Medium
E0329,2024-01-01,2024-12-31,4,4,3,0.08,1,22,High
E0330,2024-01-01,2024-12-31,4,5,2,0.072,2,20,High
E0331,2024-01-01,2024-12-31,4,5,3,0.073,0,11,High
E0332,2024-01-01,2024-12-31,4,4,4,0.072,3,7,Medium
E0333,2024-01-01,2024-12-31,3,3,3,0.04,2,16,High
E0334,2024-01-01,2024-12-31,3,4,2,0.059,2,10,High
E0335,2024-01-01,2024-12-31,4,4,5,0.088,3,16,Medium
E0336,2024-01-01,2024-12-31,4,4,4,0.089,0,10,High
E0337,2024-01-01,2024-12-31,4,4,3,0.08,2,20,High
E0338,2024-01-01,2024-12-31,3,3,3,0.048,0,9,High
E0339,2024-01-01,2024-12-31,1,1,1,0.0,0,24,High
E0340,2024-01-01,2024-12-31,2,2,1,0.03,4,13,High
E0341,2024-01-01,2024-12-31,4,4,5,0.062,1,19,High
E0342,2024-01-01,2024-12-31,4,4,3,0.075,2,9,Medium
E0343,2024-01-01,2024-12-31,4,4,4,0.071,0,5,High
E0344,2024-01-01,2024-12-31,2,3,1,0.034,0,0,High
E0345,2024-01-01,2024-12-31,3,3,3,0.045,4,18,High
E0346,2024-01-01,2024-12-31,4,4,4,0.064,0,12,High
E0347,2024-01-01,2024-12-31,3,3,3,0.052,2,6,High
E0348,2024-01-01,2024-12-31,2,2,2,0.016,1,19,High
E0349,2024-01-01,2024-12-31,2,2,2,0.014,2,18,High
E0350,2024-01-01,2024-12-31,3,3,2,0.043,2,19,High
E0351,2024-01-01,2024-12-31,5,5,4,0.113,2,5,Low
E0352,2024-01-01,2024-12-31,4,4,4,0.087,2,18,High
E0353,2024-01-01,2024-12-31,4,4,3,0.082,2,14,High
E0354,2024-01-01,2024-12-31,4,4,3,0.078,1,19,High
E0355,2024-01-01,2024-12-31,4,5,5,0.069,1,15,High
E0356,2024-01-01,2024-12-31,4,5,4,0.078,1,13,High
E0357,2024-01-01,2024-12-31,3,3,4,0.053,5,18,High
E0358,2024-01-01,2024-12-31,3,4,4,0.053,3,16,High
E0359,2024-01-01,2024-12-31,4,5,4,0.082,2,17,High
E0360,2024-01-01,2024-12-31,3,3,3,0.041,1,10,High
E0361,2024-01-01,2024-12-31,4,4,4,0.056,3,11,Medium
E0362,2024-01-01,2024-12-31,4,4,5,0.098,0,3,Medium
E0363,2024-01-01,2024-12-31,4,3,4,0.067,2,9,Medium
E0364,2024-01-01,2024-12-31,3,4,3,0.03,1,16,High
E0365,2024-01-01,2024-12-31,3,3,4,0.051,3,15,High
E0366,2024-01-01,2024-12-31,3,3,3,0.033,1,7,High
E0367,2024-01-01,2024-12-31,4,4,5,0.072,0,18,High
E0368,2024-01-01,2024-12-31,5,5,5,0.125,2,27,Medium
E0369,2024-01-01,2024-12-31,4,4,5,0.098,3,7,Medium
E0370,2024-01-01,2024-12-31,3,3,2,0.054,1,11,High
E0371,2024-01-01,2024-12-31,5,5,5,0.116,2,9,Low
E0372,2024-01-01,2024-12-31,5,5,5,0.119,1,12,Medium
E0373,2024-01-01,2024-12-31,4,5,4,0.062,3,13,Medium
E0374,2024-01-01,2024-12-31,4,4,4,0.075,2,9,Medium
E0375,2024-01-01,2024-12-31,5,5,5,0.116,1,11,Low
E0376,2024-01-01,2024-12-31,5,5,4,0.122,4,12,Low
E0377,2024-01-01,2024-12-31,3,3,3,0.069,0,14,High
E0378,2024-01-01,2024-12-31,4,5,3,0.061,7,19,Medium
E0379,2024-01-01,2024-12-31,2,2,3,0.016,2,12,High
E0380,2024-01-01,2024-12-31,3,3,4,0.032,4,9,High
E0381,2024-01-01,2024-12-31,3,1,3,0.045,3,15,High
E0382,2024-01-01,2024-12-31,3,3,3,0.041,3,14,High
E0383,2024-01-01,2024-12-31,2,1,2,0.005,6,11,High
E0384,2024-01-01,2024-12-31,3,3,2,0.059,1,14,High
E0385,2024-01-01,2024-12-31,5,5,5,0.123,0,10,Medium
E0386,2024-01-01,2024-12-31,2,2,1,0.028,3,9,High
E0387,2024-01-01,2024-12-31,4,4,5,0.075,1,3,Medium
E0388,2024-01-01,2024-12-31,3,3,4,0.049,0,10,High
E0389,2024-01-01,2024-12-31,5,5,5,0.136,0,3,Low
E0390,2024-01-01,2024-12-31,3,3,2,0.05,1,9,High
E0391,2024-01-01,2024-12-31,4,4,4,0.088,3,15,Medium
E0392,2024-01-01,2024-12-31,2,2,2,0.014,5,4,High
E0393,2024-01-01,2024-12-31,4,5,5,0.087,1,11,High
E0394,2024-01-01,2024-12-31,3,2,2,0.045,4,12,High
E0395,2024-01-01,2024-12-31,4,4,5,0.061,3,11,Medium
E0396,2024-01-01,2024-12-31,4,4,3,0.08,2,10,Medium
E0397,2024-01-01,2024-12-31,3,3,3,0.045,2,14,High
E0398,2024-01-01,2024-12-31,3,3,4,0.034,1,14,High
E0399,2024-01-01,2024-12-31,2,2,3,0.022,3,12,High
E0400,2024-01-01,2024-12-31,4,3,5,0.071,3,10,Medium
E0401,2024-01-01,2024-12-31,4,4,3,0.111,6,16,Medium
E0402,2024-01-01,2024-12-31,5,5,4,0.105,2,5,Low
E0403,2024-01-01,2024-12-31,3,3,3,0.038,2,15,High
E0404,2024-01-01,2024-12-31,4,5,4,0.089,2,14,High
E0405,2024-01-01,2024-12-31,3,3,3,0.049,2,13,High
E0406,2024-01-01,2024-12-31,3,3,4,0.058,3,12,High
E0407,2024-01-01,2024-12-31,2,3,1,0.024,3,3,High
E0408,2024-01-01,2024-12-31,3,4,2,0.044,2,19,High
E0409,2024-01-01,2024-12-31,3,2,4,0.036,3,16,High
E0410,2024-01-01,2024-12-31,4,4,3,0.091,2,7,Medium
E0411,2024-01-01,2024-12-31,5,5,5,0.107,1,16,Medium
E0412,2024-01-01,2024-12-31,3,3,3,0.056,1,13,High
E0413,2024-01-01,2024-12-31,4,5,4,0.089,2,9,Medium
E0414,2024-01-01,2024-12-31,3,2,2,0.049,1,18,High
E0415,2024-01-01,2024-12-31,1,2,2,0.0,3,10,High
E0416,2024-01-01,2024-12-31,2,2,1,0.01,3,19,High
E0417,2024-01-01,2024-12-31,3,4,2,0.055,1,15,High
E0418,2024-01-01,2024-12-31,4,3,4,0.05,4,17,Medium
E0419,2024-01-01,2024-12-31,4,4,2,0.087,4,15,Medium
E0420,2024-01-01,2024-12-31,4,5,4,0.081,2,15,High
E0421,2024-01-01,2024-12-31,4,4,4,0.078,2,13,High
E0422,2024-01-01,2024-12-31,4,4,5,0.082,5,8,Medium
E0423,2024-01-01,2024-12-31,3,3,4,0.036,2,12,High
E0424,2024-01-01,2024-12-31,2,2,3,0.0,5,17,High
E0425,2024-01-01,2024-12-31,2,2,3,0.025,3,16,High
E0426,2024-01-01,2024-12-31,3,2,3,0.063,3,15,High
E0427,2024-01-01,2024-12-31,3,2,4,0.033,1,2,High
E0428,2024-01-01,2024-12-31,5,5,5,0.109,3,11,Low
E0429,2024-01-01,2024-12-31,5,5,5,0.128,0,10,Medium
E0430,2024-01-01,2024-12-31,5,5,5,0.124,3,6,Low
E0431,2024-01-01,2024-12-31,5,5,5,0.15,1,17,Medium
E0432,2024-01-01,2024-12-31,4,4,4,0.091,0,2,Medium
E0433,2024-01-01,2024-12-31,4,4,4,0.088,1,16,High
E0434,2024-01-01,2024-12-31,1,1,1,0.0,5,19,High
E0435,2024-01-01,2024-12-31,3,3,5,0.055,0,11,High
E0436,2024-01-01,2024-12-31,4,5,4,0.095,3,12,Medium
E0437,2024-01-01,2024-12-31,3,4,3,0.048,1,17,High
E0438,2024-01-01,2024-12-31,3,3,2,0.049,2,8,High
E0439,2024-01-01,2024-12-31,3,3,4,0.051,3,15,High
E0440,2024-01-01,2024-12-31,5,4,5,0.113,4,7,Low
E0441,2024-01-01,2024-12-31,3,2,3,0.053,0,6,High
E0442,2024-01-01,2024-12-31,4,4,5,0.082,1,13,High
E0443,2024-01-01,2024-12-31,3,4,4,0.065,4,12,High
E0444,2024-01-01,2024-12-31,3,4,4,0.048,1,3,High
E0445,2024-01-01,2024-12-31,5,5,4,0.127,4,19,Low
E0446,2024-01-01,2024-12-31,4,4,3,0.078,5,10,Medium
E0447,2024-01-01,2024-12-31,2,1,3,0.026,1,15,High
E0448,2024-01-01,2024-12-31,3,4,3,0.047,2,20,High
E0449,2024-01-01,2024-12-31,3,3,3,0.056,3,13,High
E0450,2024-01-01,2024-12-31,2,2,3,0.027,1,18,High
E0451,2024-01-01,2024-12-31,2,2,2,0.009,3,8,High
E0452,2024-01-01,2024-12-31,1,1,2,0.011,2,19,High
E0453,2024-01-01,2024-12-31,2,2,2,0.018,3,8,High
E0454,2024-01-01,2024-12-31,4,4,5,0.075,1,9,High
E0455,2024-01-01,2024-12-31,4,3,5,0.073,0,5,High
E0456,2024-01-01,2024-12-31,4,5,3,0.083,3,13,Medium
E0457,2024-01-01,2024-12-31,5,5,5,0.12,0,15,Medium
E0458,2024-01-01,2024-12-31,3,3,5,0.054,1,16,High
E0459,2024-01-01,2024-12-31,4,3,5,0.084,0,5,High
E0460,2024-01-01,2024-12-31,4,4,4,0.086,2,14,High
E0461,2024-01-01,2024-12-31,4,5,4,0.108,1,14,High
E0462,2024-01-01,2024-12-31,3,4,3,0.05,1,15,High
E0463,2024-01-01,2024-12-31,3,3,3,0.043,1,8,High
E0464,2024-01-01,2024-12-31,5,5,5,0.1,0,0,Low
E0465,2024-01-01,2024-12-31,3,3,4,0.038,1,16,High
E0466,2024-01-01,2024-12-31,5,4,5,0.132,0,11,Medium
E0467,2024-01-01,2024-12-31,4,5,3,0.087,2,13,High
E0468,2024-01-01,2024-12-31,2,2,3,0.007,3,12,High
E0469,2024-01-01,2024-12-31,4,4,4,0.105,2,13,High
E0470,2024-01-01,2024-12-31,4,5,4,0.083,3,16,Medium
E0471,2024-01-01,2024-12-31,4,4,5,0.085,2,3,Medium
E0472,2024-01-01,2024-12-31,2,2,2,0.042,1,18,High
E0473,2024-01-01,2024-12-31,2,2,1,0.037,3,11,High
E0474,2024-01-01,2024-12-31,3,3,3,0.058,0,20,High
E0475,2024-01-01,2024-12-31,1,1,2,0.008,0,10,High
E0476,2024-01-01,2024-12-31,3,4,2,0.059,1,9,High
E0477,2024-01-01,2024-12-31,4,4,5,0.078,4,11,Medium
E0478,2024-01-01,2024-12-31,3,3,2,0.053,4,14,High
E0479,2024-01-01,2024-12-31,5,5,5,0.126,0,11,Medium
E0480,2024-01-01,2024-12-31,5,5,5,0.119,7,15,Low
E0481,2024-01-01,2024-12-31,1,2,1,0.0,3,10,High
E0482,2024-01-01,2024-12-31,3,3,3,0.047,3,12,High
E0483,2024-01-01,2024-12-31,4,4,4,0.07,4,23,High
E0484,2024-01-01,2024-12-31,3,2,4,0.051,2,14,High
E0485,2024-01-01,2024-12-31,3,3,3,0.032,3,14,High
E0486,2024-01-01,2024-12-31,4,3,4,0.083,1,5,Medium
E0487,2024-01-01,2024-12-31,4,4,4,0.064,3,19,High
E0488,2024-01-01,2024-12-31,2,3,1,0.016,1,17,High
E0489,2024-01-01,2024-12-31,2,2,2,0.025,1,8,High
E0490,2024-01-01,2024-12-31,4,5,3,0.088,2,17,High
E0491,2024-01-01,2024-12-31,3,2,1,0.057,2,14,High
E0492,2024-01-01,2024-12-31,2,3,2,0.023,2,12,High
E0493,2024-01-01,2024-12-31,3,4,3,0.039,2,18,High
E0494,2024-01-01,2024-12-31,3,3,4,0.06,3,9,High
E0495,2024-01-01,2024-12-31,5,5,4,0.109,3,8,Low
E0496,2024-01-01,2024-12-31,4,4,5,0.091,4,13,Medium
E0497,2024-01-01,2024-12-31,4,4,5,0.086,3,15,Medium
E0498,2024-01-01,2024-12-31,5,5,5,0.134,2,17,Medium
E0499,2024-01-01,2024-12-31,3,2,3,0.05,1,11,High
E0500,2024-01-01,2024-12-31,4,4,5,0.072,2,8,Medium
E0501,2024-01-01,2024-12-31,3,3,3,0.037,4,25,High
E0502,2024-01-01,2024-12-31,2,3,3,0.008,1,7,High
E0503,2024-01-01,2024-12-31,4,4,5,0.064,2,12,High
E0504,2024-01-01,2024-12-31,4,3,4,0.089,1,16,High
E0505,2024-01-01,2024-12-31,4,5,4,0.091,1,18,High
E0506,2024-01-01,2024-12-31,1,1,1,0.006,2,9,High
E0507,2024-01-01,2024-12-31,4,3,5,0.08,1,3,Medium
E0508,2024-01-01,2024-12-31,4,4,5,0.101,4,9,Medium
E0509,2024-01-01,2024-12-31,3,2,4,0.049,1,16,High
E0510,2024-01-01,2024-12-31,4,4,3,0.082,2,15,High
E0511,2024-01-01,2024-12-31,5,5,4,0.12,1,15,Medium
E0512,2024-01-01,2024-12-31,4,3,5,0.077,4,16,Medium
E0513,2024-01-01,2024-12-31,2,2,1,0.026,3,19,High
E0514,2024-01-01,2024-12-31,2,2,2,0.014,1,8,High
E0515,2024-01-01,2024-12-31,4,4,3,0.073,2,6,Medium
E0516,2024-01-01,2024-12-31,4,3,4,0.087,0,14,High
E0517,2024-01-01,2024-12-31,3,2,3,0.045,3,7,High
E0518,2024-01-01,2024-12-31,5,5,3,0.121,3,6,Low
E0519,2024-01-01,2024-12-31,4,4,3,0.077,2,18,High
E0520,2024-01-01,2024-12-31,1,2,1,0.0,4,13,High
E0521,2024-01-01,2024-12-31,5,5,4,0.113,2,12,Low
E0522,2024-01-01,2024-12-31,4,4,4,0.074,3,12,Medium
E0523,2024-01-01,2024-12-31,5,5,5,0.112,1,11,Low
E0524,2024-01-01,2024-12-31,3,3,4,0.058,1,18,High
E0525,2024-01-01,2024-12-31,4,4,4,0.082,4,4,Medium
E0526,2024-01-01,2024-12-31,4,4,4,0.089,3,4,Medium
E0527,2024-01-01,2024-12-31,5,5,5,0.13,1,7,Low
E0528,2024-01-01,2024-12-31,3,4,4,0.045,2,13,High
E0529,2024-01-01,2024-12-31,3,3,3,0.059,1,21,High
E0530,2024-01-01,2024-12-31,1,1,1,0.0,1,16,High
E0531,2024-01-01,2024-12-31,4,4,3,0.078,1,15,High
E0532,2024-01-01,2024-12-31,3,4,2,0.063,0,12,High
E0533,2024-01-01,2024-12-31,2,2,3,0.026,3,5,High
E0534,2024-01-01,2024-12-31,2,2,2,0.016,1,15,High
E0535,2024-01-01,2024-12-31,5,4,5,0.125,3,22,Medium
E0536,2024-01-01,2024-12-31,3,3,2,0.037,2,11,High
E0537,2024-01-01,2024-12-31,3,2,4,0.052,1,9,High
E0538,2024-01-01,2024-12-31,3,4,3,0.035,5,11,High
E0539,2024-01-01,2024-12-31,5,5,5,0.11,0,15,Medium
E0540,2024-01-01,2024-12-31,4,4,4,0.086,6,13,Medium
E0541,2024-01-01,2024-12-31,2,1,2,0.0,2,17,High
E0542,2024-01-01,2024-12-31,4,4,4,0.098,2,12,High
E0543,2024-01-01,2024-12-31,2,3,2,0.028,0,11,High
E0544,2024-01-01,2024-12-31,4,4,4,0.062,3,13,Medium
E0545,2024-01-01,2024-12-31,3,3,3,0.074,0,9,High
E0546,2024-01-01,2024-12-31,4,4,3,0.107,1,21,High
E0547,2024-01-01,2024-12-31,4,4,4,0.078,0,16,High
E0548,2024-01-01,2024-12-31,2,2,2,0.011,2,7,High
E0549,2024-01-01,2024-12-31,3,4,5,0.067,0,8,High
E0550,2024-01-01,2024-12-31,3,4,4,0.047,2,15,High
E0551,2024-01-01,2024-12-31,4,4,4,0.082,2,13,High
E0552,2024-01-01,2024-12-31,3,3,3,0.062,2,14,High
E0553,2024-01-01,2024-12-31,4,4,3,0.078,2,11,Medium
E0554,2024-01-01,2024-12-31,2,3,2,0.018,5,14,High
E0555,2024-01-01,2024-12-31,4,4,4,0.067,1,11,High
E0556,2024-01-01,2024-12-31,4,4,4,0.074,3,15,Medium
E0557,2024-01-01,2024-12-31,3,3,3,0.047,1,16,High
E0558,2024-01-01,2024-12-31,3,2,3,0.038,1,20,High
E0559,2024-01-01,2024-12-31,4,4,3,0.069,1,9,High
E0560,2024-01-01,2024-12-31,3,2,3,0.05,1,12,High
E0561,2024-01-01,2024-12-31,3,3,3,0.032,3,6,High
E0562,2024-01-01,2024-12-31,3,4,3,0.041,1,21,High
E0563,2024-01-01,2024-12-31,4,5,3,0.099,3,2,Medium
E0564,2024-01-01,2024-12-31,4,4,4,0.077,1,20,High
E0565,2024-01-01,2024-12-31,4,5,3,0.075,3,12,Medium
E0566,2024-01-01,2024-12-31,3,2,3,0.047,0,14,High
E0567,2024-01-01,2024-12-31,3,3,3,0.047,2,11,High
E0568,2024-01-01,2024-12-31,1,1,1,0.006,5,12,High
E0569,2024-01-01,2024-12-31,3,1,2,0.055,2,15,High
E0570,2024-01-01,2024-12-31,3,3,2,0.046,0,4,High
E0571,2024-01-01,2024-12-31,3,2,3,0.048,3,9,High
E0572,2024-01-01,2024-12-31,4,3,4,0.093,3,8,Medium
E0573,2024-01-01,2024-12-31,2,2,2,0.005,2,14,High
E0574,2024-01-01,2024-12-31,3,2,3,0.049,4,12,High
E0575,2024-01-01,2024-12-31,4,4,4,0.081,1,15,High
E0576,2024-01-01,2024-12-31,3,2,4,0.042,2,13,High
E0577,2024-01-01,2024-12-31,3,3,3,0.049,3,17,High
E0578,2024-01-01,2024-12-31,3,3,2,0.041,0,8,High
E0579,2024-01-01,2024-12-31,5,5,5,0.126,2,12,Low
E0580,2024-01-01,2024-12-31,3,4,3,0.037,1,18,High
E0581,2024-01-01,2024-12-31,2,2,3,0.031,1,17,High
E0582,2024-01-01,2024-12-31,2,2,3,0.019,1,5,High
E0583,2024-01-01,2024-12-31,5,4,5,0.116,5,7,Low
E0584,2024-01-01,2024-12-31,4,3,4,0.07,4,12,Medium
E0585,2024-01-01,2024-12-31,3,3,4,0.06,2,11,High
E0586,2024-01-01,2024-12-31,3,3,3,0.043,1,12,High
E0587,2024-01-01,2024-12-31,1,2,1,0.0,1,16,High
E0588,2024-01-01,2024-12-31,2,2,1,0.031,0,13,High
E0589,2024-01-01,2024-12-31,1,1,1,0.0,2,14,High
E0590,2024-01-01,2024-12-31,2,2,1,0.019,1,15,High
E0591,2024-01-01,2024-12-31,3,4,3,0.058,3,17,High
E0592,2024-01-01,2024-12-31,2,2,2,0.022,4,0,High
E0593,2024-01-01,2024-12-31,4,5,5,0.097,2,10,Medium
E0594,2024-01-01,2024-12-31,3,3,4,0.042,1,8,High
E0595,2024-01-01,2024-12-31,3,4,4,0.048,2,14,High
E0596,2024-01-01,2024-12-31,3,3,2,0.049,3,10,High
E0597,2024-01-01,2024-12-31,2,2,3,0.026,3,12,High
E0598,2024-01-01,2024-12-31,3,3,4,0.063,1,16,High
E0599,2024-01-01,2024-12-31,2,2,3,0.021,2,9,High
E0600,2024-01-01,2024-12-31,4,4,3,0.079,3,14,Medium
E0601,2024-01-01,2024-12-31,3,3,3,0.035,1,20,High
E0602,2024-01-01,2024-12-31,3,3,4,0.051,2,16,High
E0603,2024-01-01,2024-12-31,3,2,2,0.043,3,4,High
E0604,2024-01-01,2024-12-31,2,2,1,0.026,0,11,High
E0605,2024-01-01,2024-12-31,4,5,4,0.076,2,14,High
E0606,2024-01-01,2024-12-31,3,3,2,0.048,2,15,High
E0607,2024-01-01,2024-12-31,4,5,3,0.065,2,11,Medium
E0608,2024-01-01,2024-12-31,3,3,4,0.032,1,9,High
E0609,2024-01-01,2024-12-31,4,3,4,0.099,3,12,Medium
E0610,2024-01-01,2024-12-31,4,4,4,0.081,3,7,Medium
E0611,2024-01-01,2024-12-31,3,3,2,0.054,2,17,High
E0612,2024-01-01,2024-12-31,5,5,5,0.111,0,21,Medium
E0613,2024-01-01,2024-12-31,4,3,4,0.089,1,14,High
E0614,2024-01-01,2024-12-31,3,3,3,0.057,3,11,High
E0615,2024-01-01,2024-12-31,3,3,2,0.042,4,17,High
E0616,2024-01-01,2024-12-31,4,5,4,0.069,0,16,High
E0617,2024-01-01,2024-12-31,4,3,5,0.073,0,11,High
E0618,2024-01-01,2024-12-31,4,4,4,0.08,2,12,High
E0619,2024-01-01,2024-12-31,2,2,3,0.022,1,9,High
E0620,2024-01-01,2024-12-31,3,3,2,0.05,2,13,High
E0621,2024-01-01,2024-12-31,1,1,2,0.013,1,13,High
E0622,2024-01-01,2024-12-31,2,2,2,0.013,0,8,High
E0623,2024-01-01,2024-12-31,3,3,3,0.039,0,7,High
E0624,2024-01-01,2024-12-31,3,2,3,0.05,1,5,High
E0625,2024-01-01,2024-12-31,4,4,5,0.063,1,14,High
E0626,2024-01-01,2024-12-31,4,4,4,0.087,4,12,Medium
E0627,2024-01-01,2024-12-31,5,5,5,0.121,0,12,Medium
E0628,2024-01-01,2024-12-31,4,4,5,0.077,1,14,High
E0629,2024-01-01,2024-12-31,3,3,3,0.046,3,7,High
E0630,2024-01-01,2024-12-31,4,5,4,0.089,7,7,Low
E0631,2024-01-01,2024-12-31,5,5,5,0.129,0,13,Medium
E0632,2024-01-01,2024-12-31,3,3,4,0.048,5,3,Medium
E0633,2024-01-01,2024-12-31,4,5,4,0.086,1,11,High
E0634,2024-01-01,2024-12-31,4,3,4,0.089,1,24,High
E0635,2024-01-01,2024-12-31,3,3,5,0.053,3,5,High
E0636,2024-01-01,2024-12-31,3,2,4,0.048,2,10,High
E0637,2024-01-01,2024-12-31,2,3,1,0.024,0,1,High
E0638,2024-01-01,2024-12-31,1,1,2,0.0,1,11,High
E0639,2024-01-01,2024-12-31,2,2,3,0.021,1,22,High
E0640,2024-01-01,2024-12-31,1,1,1,0.0,0,14,High
E0641,2024-01-01,2024-12-31,5,5,5,0.116,0,9,Medium
E0642,2024-01-01,2024-12-31,4,4,3,0.063,3,23,High
E0643,2024-01-01,2024-12-31,3,4,1,0.04,3,3,High
E0644,2024-01-01,2024-12-31,4,4,4,0.075,4,14,Medium
E0645,2024-01-01,2024-12-31,4,3,4,0.089,2,12,High
E0646,2024-01-01,2024-12-31,3,3,2,0.053,1,11,High
E0647,2024-01-01,2024-12-31,4,3,4,0.089,1,16,High
E0648,2024-01-01,2024-12-31,4,3,2,0.092,3,6,Medium
E0649,2024-01-01,2024-12-31,3,3,3,0.053,2,14,High
E0650,2024-01-01,2024-12-31,3,3,3,0.051,2,13,High
E0651,2024-01-01,2024-12-31,3,3,4,0.04,2,8,High
E0652,2024-01-01,2024-12-31,3,4,2,0.07,2,22,High
E0653,2024-01-01,2024-12-31,1,1,3,0.0,0,11,High
E0654,2024-01-01,2024-12-31,2,2,3,0.021,1,11,High
E0655,2024-01-01,2024-12-31,2,1,1,0.028,1,7,High
E0656,2024-01-01,2024-12-31,4,5,5,0.088,0,11,High
E0657,2024-01-01,2024-12-31,5,4,5,0.108,3,24,Medium
E0658,2024-01-01,2024-12-31,3,4,3,0.046,4,11,High
E0659,2024-01-01,2024-12-31,4,5,4,0.072,1,15,High
E0660,2024-01-01,2024-12-31,4,5,4,0.06,5,17,Medium
E0661,2024-01-01,2024-12-31,3,3,5,0.051,0,11,High
E0662,2024-01-01,2024-12-31,3,4,4,0.043,2,10,High
E0663,2024-01-01,2024-12-31,4,4,4,0.095,0,14,High
E0664,2024-01-01,2024-12-31,2,2,2,0.026,7,11,High
E0665,2024-01-01,2024-12-31,1,1,2,0.0,4,10,High
E0666,2024-01-01,2024-12-31,4,3,5,0.075,1,17,High
E0667,2024-01-01,2024-12-31,4,4,3,0.081,0,12,High
E0668,2024-01-01,2024-12-31,5,5,5,0.117,1,18,Medium
E0669,2024-01-01,2024-12-31,4,3,4,0.081,2,12,High
E0670,2024-01-01,2024-12-31,4,3,4,0.099,4,5,Medium
E0671,2024-01-01,2024-12-31,4,4,4,0.069,1,0,Medium
E0672,2024-01-01,2024-12-31,3,2,4,0.048,0,3,High
E0673,2024-01-01,2024-12-31,3,3,3,0.057,2,4,High
E0674,2024-01-01,2024-12-31,3,2,3,0.046,1,13,High
E0675,2024-01-01,2024-12-31,3,3,1,0.066,2,7,High
E0676,2024-01-01,2024-12-31,4,3,4,0.087,0,2,Medium
E0677,2024-01-01,2024-12-31,4,3,3,0.073,0,11,High
E0678,2024-01-01,2024-12-31,4,3,3,0.082,0,7,High
E0679,2024-01-01,2024-12-31,4,4,5,0.073,1,14,High
E0680,2024-01-01,2024-12-31,3,4,3,0.042,2,14,High
E0681,2024-01-01,2024-12-31,4,5,2,0.079,4,15,Medium
E0682,2024-01-01,2024-12-31,3,3,2,0.063,3,0,High
E0683,2024-01-01,2024-12-31,3,2,3,0.057,4,12,High
E0684,2024-01-01,2024-12-31,3,4,3,0.05,5,11,High
E0685,2024-01-01,2024-12-31,2,2,2,0.028,0,6,High
E0686,2024-01-01,2024-12-31,5,5,2,0.123,3,1,Low
E0687,2024-01-01,2024-12-31,3,4,3,0.038,2,11,High
E0688,2024-01-01,2024-12-31,3,3,4,0.049,1,17,High
E0689,2024-01-01,2024-12-31,3,4,4,0.049,1,0,High
E0690,2024-01-01,2024-12-31,5,4,5,0.128,1,8,Low
E0691,2024-01-01,2024-12-31,3,2,5,0.044,4,13,High
E0692,2024-01-01,2024-12-31,4,3,3,0.071,5,18,Medium
E0693,2024-01-01,2024-12-31,1,1,1,0.0,0,10,High
E0694,2024-01-01,2024-12-31,3,4,4,0.044,2,22,High
E0695,2024-01-01,2024-12-31,3,3,4,0.047,2,3,High
E0696,2024-01-01,2024-12-31,3,3,3,0.049,5,2,Medium
E0697,2024-01-01,2024-12-31,3,3,2,0.046,0,17,High
E0698,2024-01-01,2024-12-31,3,4,2,0.06,0,0,High
E0699,2024-01-01,2024-12-31,5,4,4,0.134,4,14,Low
E0700,2024-01-01,2024-12-31,3,4,2,0.059,3,11,High
E0701,2024-01-01,2024-12-31,4,4,4,0.062,2,7,Medium
E0702,2024-01-01,2024-12-31,4,4,4,0.074,4,10,Medium
E0703,2024-01-01,2024-12-31,4,5,3,0.078,1,6,Medium
E0704,2024-01-01,2024-12-31,2,2,2,0.002,1,10,High
E0705,2024-01-01,2024-12-31,3,2,1,0.041,1,12,High
E0706,2024-01-01,2024-12-31,4,3,4,0.078,1,10,High
E0707,2024-01-01,2024-12-31,5,5,5,0.116,1,9,Low
E0708,2024-01-01,2024-12-31,4,4,3,0.08,3,13,Medium
E0709,2024-01-01,2024-12-31,4,4,3,0.066,1,20,High
E0710,2024-01-01,2024-12-31,4,4,4,0.075,2,11,Medium
E0711,2024-01-01,2024-12-31,4,5,4,0.082,2,16,High
E0712,2024-01-01,2024-12-31,4,4,5,0.08,1,7,Medium
E0713,2024-01-01,2024-12-31,4,3,3,0.084,6,5,Low
E0714,2024-01-01,2024-12-31,4,4,3,0.084,2,14,High
E0715,2024-01-01,2024-12-31,3,4,3,0.046,5,11,High
E0716,2024-01-01,2024-12-31,4,4,3,0.081,3,18,High
E0717,2024-01-01,2024-12-31,4,4,4,0.072,0,19,High
E0718,2024-01-01,2024-12-31,2,2,1,0.017,0,16,High
E0719,2024-01-01,2024-12-31,3,3,3,0.039,0,16,High
E0720,2024-01-01,2024-12-31,4,4,3,0.091,5,0,Low
E0721,2024-01-01,2024-12-31,2,3,2,0.017,2,14,High
E0722,2024-01-01,2024-12-31,3,3,4,0.061,1,16,High
E0723,2024-01-01,2024-12-31,5,5,5,0.123,0,6,Low
E0724,2024-01-01,2024-12-31,3,3,3,0.041,1,12,High
E0725,2024-01-01,2024-12-31,3,2,2,0.053,0,7,High
E0726,2024-01-01,2024-12-31,1,1,2,0.008,1,17,High
E0727,2024-01-01,2024-12-31,1,2,2,0.0,5,7,High
E0728,2024-01-01,2024-12-31,4,5,4,0.081,1,8,Medium
E0729,2024-01-01,2024-12-31,3,2,3,0.044,0,10,High
E0730,2024-01-01,2024-12-31,2,2,1,0.02,5,23,High
E0731,2024-01-01,2024-12-31,4,4,5,0.082,1,17,High
E0732,2024-01-01,2024-12-31,5,5,5,0.114,4,20,Low
E0733,2024-01-01,2024-12-31,1,1,1,0.0,1,3,High
E0734,2024-01-01,2024-12-31,2,2,3,0.033,1,6,High
E0735,2024-01-01,2024-12-31,3,2,4,0.056,1,19,High
E0736,2024-01-01,2024-12-31,4,3,4,0.075,1,3,Medium
E0737,2024-01-01,2024-12-31,2,2,2,0.022,3,9,High
E0738,2024-01-01,2024-12-31,3,3,2,0.035,3,22,High
E0739,2024-01-01,2024-12-31,3,3,4,0.03,2,7,High
E0740,2024-01-01,2024-12-31,3,2,3,0.061,2,3,High
E0741,2024-01-01,2024-12-31,3,3,3,0.052,1,12,High
E0742,2024-01-01,2024-12-31,1,1,1,0.0,3,3,High
E0743,2024-01-01,2024-12-31,4,4,3,0.082,1,18,High
E0744,2024-01-01,2024-12-31,3,2,4,0.082,4,8,High
E0745,2024-01-01,2024-12-31,2,2,3,0.029,1,7,High
E0746,2024-01-01,2024-12-31,4,4,4,0.07,3,12,Medium
E0747,2024-01-01,2024-12-31,3,2,2,0.033,2,10,High
E0748,2024-01-01,2024-12-31,4,5,3,0.091,1,13,High
E0749,2024-01-01,2024-12-31,4,3,3,0.089,2,15,High
E0750,2024-01-01,2024-12-31,5,5,4,0.126,4,11,Low
E0751,2024-01-01,2024-12-31,3,4,3,0.042,2,6,High
E0752,2024-01-01,2024-12-31,3,3,2,0.054,2,16,High
E0753,2024-01-01,2024-12-31,4,5,3,0.073,1,9,High
E0754,2024-01-01,2024-12-31,2,3,1,0.027,2,8,High
E0755,2024-01-01,2024-12-31,2,1,3,0.03,2,13,High
E0756,2024-01-01,2024-12-31,4,5,3,0.075,1,2,Medium
E0757,2024-01-01,2024-12-31,4,5,5,0.091,0,14,High
E0758,2024-01-01,2024-12-31,5,5,5,0.121,0,13,Medium
E0759,2024-01-01,2024-12-31,4,4,3,0.085,1,18,High
E0760,2024-01-01,2024-12-31,1,1,1,0.0,3,9,High
E0761,2024-01-01,2024-12-31,2,2,3,0.022,1,19,High
E0762,2024-01-01,2024-12-31,4,2,3,0.073,2,15,High
E0763,2024-01-01,2024-12-31,4,5,4,0.085,1,12,High
E0764,2024-01-01,2024-12-31,5,4,5,0.135,2,21,Medium
E0765,2024-01-01,2024-12-31,2,3,2,0.023,4,12,High
E0766,2024-01-01,2024-12-31,3,3,3,0.041,1,9,High
E0767,2024-01-01,2024-12-31,3,4,4,0.056,1,13,High
E0768,2024-01-01,2024-12-31,3,3,3,0.054,1,9,High
E0769,2024-01-01,2024-12-31,4,3,4,0.101,3,14,Medium
E0770,2024-01-01,2024-12-31,2,1,1,0.023,4,19,High
E0771,2024-01-01,2024-12-31,4,5,3,0.074,6,12,Medium
E0772,2024-01-01,2024-12-31,3,3,3,0.058,1,12,High
E0773,2024-01-01,2024-12-31,2,2,2,0.019,1,16,High
E0774,2024-01-01,2024-12-31,4,4,5,0.081,6,18,Medium
E0775,2024-01-01,2024-12-31,3,3,4,0.041,2,10,High
E0776,2024-01-01,2024-12-31,3,3,3,0.049,2,13,High
E0777,2024-01-01,2024-12-31,4,4,5,0.08,3,16,Medium
E0778,2024-01-01,2024-12-31,3,2,3,0.049,4,14,High
E0779,2024-01-01,2024-12-31,4,4,4,0.074,0,3,Medium
E0780,2024-01-01,2024-12-31,3,5,3,0.053,3,17,High
E0781,2024-01-01,2024-12-31,3,3,4,0.041,3,15,High
E0782,2024-01-01,2024-12-31,2,1,1,0.008,3,15,High
E0783,2024-01-01,2024-12-31,3,3,3,0.057,1,6,High
E0784,2024-01-01,2024-12-31,4,3,3,0.086,0,13,High
E0785,2024-01-01,2024-12-31,3,3,3,0.037,0,16,High
E0786,2024-01-01,2024-12-31,4,3,4,0.062,1,8,Medium
E0787,2024-01-01,2024-12-31,2,2,2,0.01,1,9,High
E0788,2024-01-01,2024-12-31,4,4,5,0.079,1,16,High
E0789,2024-01-01,2024-12-31,3,3,5,0.062,1,9,High
E0790,2024-01-01,2024-12-31,3,3,4,0.048,5,11,High
E0791,2024-01-01,2024-12-31,4,4,3,0.072,3,7,Medium
E0792,2024-01-01,2024-12-31,3,4,3,0.051,2,21,High
E0793,2024-01-01,2024-12-31,3,2,3,0.049,1,15,High
E0794,2024-01-01,2024-12-31,3,3,3,0.036,1,11,High
E0795,2024-01-01,2024-12-31,4,3,4,0.066,1,10,High
E0796,2024-01-01,2024-12-31,4,4,4,0.067,3,6,Medium
E0797,2024-01-01,2024-12-31,3,3,4,0.075,6,11,High
E0798,2024-01-01,2024-12-31,1,1,1,0.009,2,15,High
E0799,2024-01-01,2024-12-31,2,1,2,0.014,4,8,High
E0800,2024-01-01,2024-12-31,1,1,1,0.011,0,13,High
E0801,2024-01-01,2024-12-31,4,5,5,0.074,3,10,Medium
E0802,2024-01-01,2024-12-31,5,5,4,0.131,6,19,Low
E0803,2024-01-01,2024-12-31,2,2,2,0.021,2,9,High
E0804,2024-01-01,2024-12-31,3,4,3,0.043,3,16,High
E0805,2024-01-01,2024-12-31,5,5,5,0.127,2,19,Medium
E0806,2024-01-01,2024-12-31,2,1,1,0.021,1,10,High
E0807,2024-01-01,2024-12-31,2,1,3,0.024,1,9,High
E0808,2024-01-01,2024-12-31,4,4,4,0.082,2,17,High
E0809,2024-01-01,2024-12-31,4,4,4,0.082,5,3,Low
E0810,2024-01-01,2024-12-31,4,3,4,0.088,2,14,High
E0811,2024-01-01,2024-12-31,5,5,5,0.146,1,4,Low
E0812,2024-01-01,2024-12-31,2,2,3,0.032,2,18,High
E0813,2024-01-01,2024-12-31,4,4,4,0.082,1,11,High
E0814,2024-01-01,2024-12-31,4,4,2,0.077,2,12,High
E0815,2024-01-01,2024-12-31,4,5,4,0.078,1,8,Medium
E0816,2024-01-01,2024-12-31,3,4,3,0.037,0,4,High
E0817,2024-01-01,2024-12-31,3,3,4,0.057,2,18,High
E0818,2024-01-01,2024-12-31,3,3,5,0.04,2,11,High
E0819,2024-01-01,2024-12-31,4,4,4,0.076,2,28,High
E0820,2024-01-01,2024-12-31,3,4,5,0.057,0,8,High
E0821,2024-01-01,2024-12-31,3,3,2,0.048,2,9,High
E0822,2024-01-01,2024-12-31,4,4,4,0.075,2,8,Medium
E0823,2024-01-01,2024-12-31,5,5,5,0.108,2,11,Low
E0824,2024-01-01,2024-12-31,1,2,1,0.012,0,20,High
E0825,2024-01-01,2024-12-31,3,3,2,0.042,1,17,High
E0826,2024-01-01,2024-12-31,3,4,2,0.044,3,4,High
E0827,2024-01-01,2024-12-31,5,5,5,0.102,1,18,Medium
E0828,2024-01-01,2024-12-31,4,4,3,0.08,0,15,High
E0829,2024-01-01,2024-12-31,3,3,4,0.047,2,14,High
E0830,2024-01-01,2024-12-31,3,3,4,0.052,2,9,High
E0831,2024-01-01,2024-12-31,3,3,2,0.038,1,9,High
E0832,2024-01-01,2024-12-31,4,3,4,0.087,2,13,High
E0833,2024-01-01,2024-12-31,4,4,4,0.062,1,9,High
E0834,2024-01-01,2024-12-31,4,4,4,0.079,2,19,High
E0835,2024-01-01,2024-12-31,4,4,4,0.081,0,9,High
E0836,2024-01-01,2024-12-31,4,4,4,0.081,2,2,Medium
E0837,2024-01-01,2024-12-31,3,3,4,0.052,2,5,High
E0838,2024-01-01,2024-12-31,3,3,2,0.058,2,6,High
E0839,2024-01-01,2024-12-31,3,3,3,0.063,2,11,High
E0840,2024-01-01,2024-12-31,1,2,1,0.0,2,13,High
E0841,2024-01-01,2024-12-31,3,3,2,0.04,2,12,High
E0842,2024-01-01,2024-12-31,4,3,3,0.086,1,14,High
E0843,2024-01-01,2024-12-31,4,4,3,0.077,3,11,Medium
E0844,2024-01-01,2024-12-31,2,2,2,0.033,3,11,High
E0845,2024-01-01,2024-12-31,5,5,5,0.114,1,21,Medium
E0846,2024-01-01,2024-12-31,3,4,2,0.041,0,18,High
E0847,2024-01-01,2024-12-31,2,2,3,0.021,0,14,High
E0848,2024-01-01,2024-12-31,3,3,4,0.033,1,17,High
E0849,2024-01-01,2024-12-31,3,3,4,0.045,2,2,High
E0850,2024-01-01,2024-12-31,4,4,2,0.077,2,8,Medium
E0851,2024-01-01,2024-12-31,2,2,4,0.022,4,10,High
E0852,2024-01-01,2024-12-31,1,1,1,0.0,0,8,High
E0853,2024-01-01,2024-12-31,4,4,4,0.071,1,4,Medium
E0854,2024-01-01,2024-12-31,4,4,4,0.092,5,14,Medium
E0855,2024-01-01,2024-12-31,3,4,2,0.05,4,19,High
E0856,2024-01-01,2024-12-31,4,3,4,0.089,0,12,High
E0857,2024-01-01,2024-12-31,4,4,5,0.075,2,15,High
E0858,2024-01-01,2024-12-31,5,5,5,0.119,2,12,Low
E0859,2024-01-01,2024-12-31,2,1,1,0.022,5,10,High
E0860,2024-01-01,2024-12-31,2,2,1,0.037,0,17,High
E0861,2024-01-01,2024-12-31,3,4,3,0.048,0,5,High
E0862,2024-01-01,2024-12-31,4,5,3,0.078,2,3,Medium
E0863,2024-01-01,2024-12-31,3,4,4,0.061,1,5,High
E0864,2024-01-01,2024-12-31,1,1,2,0.0,3,16,High
E0865,2024-01-01,2024-12-31,4,5,4,0.083,0,12,High
E0866,2024-01-01,2024-12-31,2,3,2,0.03,3,14,High
E0867,2024-01-01,2024-12-31,3,3,3,0.044,1,20,High
E0868,2024-01-01,2024-12-31,4,4,4,0.083,3,6,Medium
E0869,2024-01-01,2024-12-31,3,3,2,0.067,0,18,High
E0870,2024-01-01,2024-12-31,5,4,5,0.129,1,10,Low
E0871,2024-01-01,2024-12-31,4,4,3,0.083,1,9,High
E0872,2024-01-01,2024-12-31,5,5,5,0.118,1,12,Medium
E0873,2024-01-01,2024-12-31,3,4,3,0.044,1,13,High
E0874,2024-01-01,2024-12-31,5,5,5,0.11,3,11,Low
E0875,2024-01-01,2024-12-31,4,5,3,0.095,5,15,Medium
E0876,2024-01-01,2024-12-31,3,3,4,0.063,3,12,High
E0877,2024-01-01,2024-12-31,4,4,5,0.073,2,11,Medium
E0878,2024-01-01,2024-12-31,3,2,2,0.053,1,10,High
E0879,2024-01-01,2024-12-31,3,4,3,0.051,1,13,High
E0880,2024-01-01,2024-12-31,4,4,4,0.092,4,5,Medium
E0881,2024-01-01,2024-12-31,4,4,4,0.084,2,7,Medium
E0882,2024-01-01,2024-12-31,4,4,4,0.08,3,10,Medium
E0883,2024-01-01,2024-12-31,4,4,4,0.075,1,15,High
E0884,2024-01-01,2024-12-31,3,2,3,0.053,1,23,High
E0885,2024-01-01,2024-12-31,3,4,3,0.047,2,11,High
E0886,2024-01-01,2024-12-31,3,2,2,0.052,1,3,High
E0887,2024-01-01,2024-12-31,4,4,3,0.079,2,8,Medium
E0888,2024-01-01,2024-12-31,4,4,5,0.076,5,15,Medium
E0889,2024-01-01,2024-12-31,3,3,3,0.04,1,7,High
E0890,2024-01-01,2024-12-31,2,2,1,0.025,3,5,High
E0891,2024-01-01,2024-12-31,4,4,5,0.08,1,15,High
E0892,2024-01-01,2024-12-31,4,4,4,0.098,3,14,Medium
E0893,2024-01-01,2024-12-31,2,1,2,0.01,3,5,High
E0894,2024-01-01,2024-12-31,2,3,2,0.026,3,8,High
E0895,2024-01-01,2024-12-31,4,5,3,0.079,3,18,High
E0896,2024-01-01,2024-12-31,3,2,3,0.071,3,16,High
E0897,2024-01-01,2024-12-31,3,2,4,0.055,4,6,High
E0898,2024-01-01,2024-12-31,3,3,4,0.053,0,2,High
E0899,2024-01-01,2024-12-31,3,3,3,0.049,3,13,High
E0900,2024-01-01,2024-12-31,4,4,5,0.073,2,11,Medium
E0901,2024-01-01,2024-12-31,3,2,4,0.053,0,13,High
E0902,2024-01-01,2024-12-31,3,3,4,0.036,5,15,High
E0903,2024-01-01,2024-12-31,3,4,2,0.037,3,7,High
E0904,2024-01-01,2024-12-31,3,3,4,0.06,2,10,High
E0905,2024-01-01,2024-12-31,3,3,3,0.032,1,8,High
E0906,2024-01-01,2024-12-31,3,3,3,0.047,3,8,High
E0907,2024-01-01,2024-12-31,5,4,5,0.11,0,15,Medium
E0908,2024-01-01,2024-12-31,3,3,3,0.046,0,13,High
E0909,2024-01-01,2024-12-31,5,5,4,0.122,1,4,Low
E0910,2024-01-01,2024-12-31,4,3,4,0.09,1,16,High
E0911,2024-01-01,2024-12-31,2,2,2,0.032,2,10,High
E0912,2024-01-01,2024-12-31,2,2,3,0.011,3,16,High
E0913,2024-01-01,2024-12-31,4,4,5,0.075,2,7,Medium
E0914,2024-01-01,2024-12-31,2,2,3,0.061,3,7,High
E0915,2024-01-01,2024-12-31,4,4,5,0.077,3,13,Medium
E0916,2024-01-01,2024-12-31,4,4,5,0.071,3,7,Medium
E0917,2024-01-01,2024-12-31,2,2,2,0.013,3,11,High
E0918,2024-01-01,2024-12-31,3,4,3,0.048,4,6,High
E0919,2024-01-01,2024-12-31,3,4,3,0.046,3,10,High
E0920,2024-01-01,2024-12-31,4,5,4,0.078,2,12,High
E0921,2024-01-01,2024-12-31,5,5,4,0.12,0,12,Medium
E0922,2024-01-01,2024-12-31,3,3,3,0.05,4,10,High
E0923,2024-01-01,2024-12-31,5,5,5,0.11,5,14,Low
E0924,2024-01-01,2024-12-31,4,4,4,0.084,4,13,Medium
E0925,2024-01-01,2024-12-31,3,3,2,0.051,1,12,High
E0926,2024-01-01,2024-12-31,2,3,2,0.025,0,9,High
E0927,2024-01-01,2024-12-31,4,4,3,0.063,2,17,High
E0928,2024-01-01,2024-12-31,1,2,1,0.002,4,14,High
E0929,2024-01-01,2024-12-31,2,3,2,0.0,1,7,High
E0930,2024-01-01,2024-12-31,3,4,3,0.048,0,15,High
E0931,2024-01-01,2024-12-31,5,4,4,0.127,1,16,Medium
E0932,2024-01-01,2024-12-31,3,3,4,0.06,4,12,High
E0933,2024-01-01,2024-12-31,3,2,3,0.053,2,12,High
E0934,2024-01-01,2024-12-31,4,5,3,0.087,0,2,Medium
E0935,2024-01-01,2024-12-31,2,1,2,0.017,3,8,High
E0936,2024-01-01,2024-12-31,4,5,4,0.075,2,16,High
E0937,2024-01-01,2024-12-31,1,1,2,0.027,6,8,High
E0938,2024-01-01,2024-12-31,5,4,5,0.128,2,11,Low
E0939,2024-01-01,2024-12-31,4,4,3,0.068,2,8,Medium
E0940,2024-01-01,2024-12-31,3,3,3,0.033,4,13,High
E0941,2024-01-01,2024-12-31,4,5,5,0.075,3,14,Medium
E0942,2024-01-01,2024-12-31,3,4,5,0.062,1,14,High
E0943,2024-01-01,2024-12-31,2,2,5,0.02,2,6,High
E0944,2024-01-01,2024-12-31,3,4,2,0.028,2,13,High
E0945,2024-01-01,2024-12-31,4,4,4,0.078,3,20,High
E0946,2024-01-01,2024-12-31,3,3,2,0.05,2,16,High
E0947,2024-01-01,2024-12-31,4,4,4,0.056,1,12,High
E0948,2024-01-01,2024-12-31,3,4,5,0.05,0,2,High
E0949,2024-01-01,2024-12-31,5,5,4,0.11,2,11,Low
E0950,2024-01-01,2024-12-31,4,4,4,0.062,2,20,High
E0951,2024-01-01,2024-12-31,3,3,3,0.066,1,19,High
E0952,2024-01-01,2024-12-31,4,3,3,0.069,1,14,High
E0953,2024-01-01,2024-12-31,4,5,5,0.073,0,8,High
E0954,2024-01-01,2024-12-31,4,3,3,0.073,4,12,Medium
E0955,2024-01-01,2024-12-31,3,3,3,0.05,1,16,High
E0956,2024-01-01,2024-12-31,3,4,3,0.068,0,17,High
E0957,2024-01-01,2024-12-31,3,3,3,0.038,1,14,High
E0958,2024-01-01,2024-12-31,3,4,3,0.047,1,16,High
E0959,2024-01-01,2024-12-31,4,4,5,0.081,2,12,High
E0960,2024-01-01,2024-12-31,3,5,1,0.041,3,11,High
E0961,2024-01-01,2024-12-31,4,4,4,0.077,3,10,Medium
E0962,2024-01-01,2024-12-31,4,4,4,0.086,2,14,High
E0963,2024-01-01,2024-12-31,3,3,3,0.042,3,17,High
E0964,2024-01-01,2024-12-31,3,2,2,0.047,3,16,High
E0965,2024-01-01,2024-12-31,3,2,4,0.046,3,6,High
E0966,2024-01-01,2024-12-31,3,3,4,0.049,2,6,High
E0967,2024-01-01,2024-12-31,5,4,4,0.122,2,18,Medium
E0968,2024-01-01,2024-12-31,5,3,4,0.126,1,13,Medium
E0969,2024-01-01,2024-12-31,4,5,3,0.099,3,13,Medium
E0970,2024-01-01,2024-12-31,4,4,4,0.053,2,13,High
E0971,2024-01-01,2024-12-31,4,4,4,0.078,2,21,High
E0972,2024-01-01,2024-12-31,4,3,4,0.066,1,10,High
E0973,2024-01-01,2024-12-31,4,5,5,0.076,0,18,High
E0974,2024-01-01,2024-12-31,4,4,4,0.089,2,13,High
E0975,2024-01-01,2024-12-31,4,4,4,0.092,1,4,Medium
E0976,2024-01-01,2024-12-31,3,3,3,0.062,2,8,High
E0977,2024-01-01,2024-12-31,2,2,4,0.032,1,9,High
E0978,2024-01-01,2024-12-31,3,1,1,0.048,2,17,High
E0979,2024-01-01,2024-12-31,3,3,3,0.064,1,18,High
E0980,2024-01-01,2024-12-31,4,4,4,0.096,1,14,High
E0981,2024-01-01,2024-12-31,4,4,4,0.081,3,9,Medium
E0982,2024-01-01,2024-12-31,2,1,1,0.032,3,7,High
E0983,2024-01-01,2024-12-31,4,3,4,0.08,2,18,High
E0984,2024-01-01,2024-12-31,3,3,2,0.064,2,6,High
E0985,2024-01-01,2024-12-31,3,3,4,0.048,1,11,High
E0986,2024-01-01,2024-12-31,5,5,5,0.114,4,24,Medium
E0987,2024-01-01,2024-12-31,2,2,2,0.009,2,9,High
E0988,2024-01-01,2024-12-31,5,5,5,0.118,1,6,Low
E0989,2024-01-01,2024-12-31,3,2,2,0.051,5,3,Medium
E0990,2024-01-01,2024-12-31,1,1,1,0.0,6,24,High
E0991,2024-01-01,2024-12-31,4,3,3,0.077,4,14,Medium
E0992,2024-01-01,2024-12-31,3,4,5,0.045,3,8,High
E0993,2024-01-01,2024-12-31,4,3,3,0.069,0,11,High
E0994,2024-01-01,2024-12-31,4,4,4,0.09,1,9,High
E0995,2024-01-01,2024-12-31,3,3,4,0.062,0,3,High
E0996,2024-01-01,2024-12-31,4,4,3,0.09,2,16,High
E0997,2024-01-01,2024-12-31,4,5,3,0.079,0,12,High
E0998,2024-01-01,2024-12-31,3,1,3,0.05,2,16,High
E0999,2024-01-01,2024-12-31,1,1,1,0.0,2,12,High
E1000,2024-01-01,2024-12-31,4,4,5,0.084,3,13,Medium
